CREATE TABLE Players(
		PlayerID INTEGER UNIQUE NOT NULL PRIMARY KEY AUTOINCREMENT,
		Name VARCHAR(255), Country VARCHAR(255)
	);

CREATE TABLE Arenas(
	ArenaID INTEGER UNIQUE NOT NULL PRIMARY KEY AUTOINCREMENT,
	Name VARCHAR(255)
);

CREATE TABLE Matches(
	MatchID INTEGER UNIQUE NOT NULL PRIMARY KEY AUTOINCREMENT,
	ArenaID int,
	PlayerID INT,
	TimePlayed INT,
	Score INT
);

INSERT INTO Players(PlayerID, Name, Country) VALUES(1, 'unificationpuscle', 'Russia');
INSERT INTO Players(PlayerID, Name, Country) VALUES(2, 'cranniesbitcoin', 'United States');
INSERT INTO Players(PlayerID, Name, Country) VALUES(3, 'eyetrolleybus', 'Russia');
INSERT INTO Players(PlayerID, Name, Country) VALUES(4, 'benthicsweep', 'Germany');
INSERT INTO Players(PlayerID, Name, Country) VALUES(5, 'tavernercoda', 'Spain');
INSERT INTO Players(PlayerID, Name, Country) VALUES(6, 'padelephant', 'France');
INSERT INTO Players(PlayerID, Name, Country) VALUES(7, 'slurpdartboard', 'Germany');
INSERT INTO Players(PlayerID, Name, Country) VALUES(8, 'markupgeas', 'Portugal');
INSERT INTO Players(PlayerID, Name, Country) VALUES(9, 'plandarwin', 'Germany');
INSERT INTO Players(PlayerID, Name, Country) VALUES(10, 'wryfork', 'Russia');
INSERT INTO Players(PlayerID, Name, Country) VALUES(11, 'wantedways', 'Portugal');
INSERT INTO Players(PlayerID, Name, Country) VALUES(12, 'vaccineseyeballs', 'Germany');
INSERT INTO Players(PlayerID, Name, Country) VALUES(13, 'peanutbamb', 'Russia');
INSERT INTO Players(PlayerID, Name, Country) VALUES(14, 'toastedmiserly', 'Russia');
INSERT INTO Players(PlayerID, Name, Country) VALUES(15, 'deercrampon', 'Portugal');
INSERT INTO Players(PlayerID, Name, Country) VALUES(16, 'swoophumor', 'United States');
INSERT INTO Players(PlayerID, Name, Country) VALUES(17, 'minimizexebec', 'Russia');
INSERT INTO Players(PlayerID, Name, Country) VALUES(18, 'doughgrasp', 'Portugal');
INSERT INTO Players(PlayerID, Name, Country) VALUES(19, 'reinforcejacket', 'United Kingdom');
INSERT INTO Players(PlayerID, Name, Country) VALUES(20, 'groomingswoosh', 'United Kingdom');
INSERT INTO Players(PlayerID, Name, Country) VALUES(21, 'cartridgestegative', 'France');
INSERT INTO Players(PlayerID, Name, Country) VALUES(22, 'anguishedzeolite', 'France');
INSERT INTO Players(PlayerID, Name, Country) VALUES(23, 'pagingsathing', 'Spain');
INSERT INTO Players(PlayerID, Name, Country) VALUES(24, 'buckeffects', 'Russia');
INSERT INTO Players(PlayerID, Name, Country) VALUES(25, 'commonsoast', 'Germany');
INSERT INTO Players(PlayerID, Name, Country) VALUES(26, 'marboom', 'Russia');
INSERT INTO Players(PlayerID, Name, Country) VALUES(27, 'whackblision', 'Germany');
INSERT INTO Players(PlayerID, Name, Country) VALUES(28, 'wildcatmelodic', 'Germany');
INSERT INTO Players(PlayerID, Name, Country) VALUES(29, 'cloningrafter', 'Russia');
INSERT INTO Players(PlayerID, Name, Country) VALUES(30, 'veneratedegyptian', 'United States');
INSERT INTO Players(PlayerID, Name, Country) VALUES(31, 'genoalanguage', 'United States');
INSERT INTO Players(PlayerID, Name, Country) VALUES(32, 'chalkyunselfish', 'Germany');
INSERT INTO Players(PlayerID, Name, Country) VALUES(33, 'meamcax', 'United States');
INSERT INTO Players(PlayerID, Name, Country) VALUES(34, 'shieldgrateful', 'France');
INSERT INTO Players(PlayerID, Name, Country) VALUES(35, 'rhangcolumba', 'Portugal');
INSERT INTO Players(PlayerID, Name, Country) VALUES(36, 'instancekneepads', 'United Kingdom');
INSERT INTO Players(PlayerID, Name, Country) VALUES(37, 'gumpssniveling', 'Germany');
INSERT INTO Players(PlayerID, Name, Country) VALUES(38, 'fleshfont', 'Portugal');
INSERT INTO Players(PlayerID, Name, Country) VALUES(39, 'strunchfea', 'United Kingdom');
INSERT INTO Players(PlayerID, Name, Country) VALUES(40, 'ninkslemongrass', 'Spain');
INSERT INTO Players(PlayerID, Name, Country) VALUES(41, 'buttocksadorable', 'Spain');
INSERT INTO Players(PlayerID, Name, Country) VALUES(42, 'glaucomasodding', 'United Kingdom');
INSERT INTO Players(PlayerID, Name, Country) VALUES(43, 'crottedhelicopter', 'United Kingdom');
INSERT INTO Players(PlayerID, Name, Country) VALUES(44, 'linkagequirt', 'France');
INSERT INTO Players(PlayerID, Name, Country) VALUES(45, 'creakycuddly', 'Germany');
INSERT INTO Players(PlayerID, Name, Country) VALUES(46, 'dimwittedask', 'France');
INSERT INTO Players(PlayerID, Name, Country) VALUES(47, 'potablechorse', 'Portugal');
INSERT INTO Players(PlayerID, Name, Country) VALUES(48, 'bloomingbike', 'United Kingdom');
INSERT INTO Players(PlayerID, Name, Country) VALUES(49, 'scienceunicyclist', 'United States');
INSERT INTO Arenas(ArenaID, Name) VALUES(1, 'Sacred Tree');
INSERT INTO Arenas(ArenaID, Name) VALUES(2, 'Forsaken Ships');
INSERT INTO Arenas(ArenaID, Name) VALUES(3, 'Kingdom Border');
INSERT INTO Arenas(ArenaID, Name) VALUES(4, 'Dread Grove');
INSERT INTO Arenas(ArenaID, Name) VALUES(5, 'Dark Swamp');
INSERT INTO Arenas(ArenaID, Name) VALUES(6, 'Evil Lava Lair');
INSERT INTO Matches(ArenaID, PlayerID, TimePlayed, Score) VALUES(1, 47, 57, 2406);
INSERT INTO Matches(ArenaID, PlayerID, TimePlayed, Score) VALUES(4, 7, 14, 21534);
INSERT INTO Matches(ArenaID, PlayerID, TimePlayed, Score) VALUES(1, 42, 54, 29327);
INSERT INTO Matches(ArenaID, PlayerID, TimePlayed, Score) VALUES(2, 26, 37, 25646);
INSERT INTO Matches(ArenaID, PlayerID, TimePlayed, Score) VALUES(2, 28, 12, 5360);
INSERT INTO Matches(ArenaID, PlayerID, TimePlayed, Score) VALUES(4, 15, 34, 34756);
INSERT INTO Matches(ArenaID, PlayerID, TimePlayed, Score) VALUES(2, 46, 32, 2657);
INSERT INTO Matches(ArenaID, PlayerID, TimePlayed, Score) VALUES(2, 24, 45, 22083);
INSERT INTO Matches(ArenaID, PlayerID, TimePlayed, Score) VALUES(3, 46, 28, 17136);
INSERT INTO Matches(ArenaID, PlayerID, TimePlayed, Score) VALUES(5, 44, 29, 28032);
INSERT INTO Matches(ArenaID, PlayerID, TimePlayed, Score) VALUES(4, 27, 61, 31068);
INSERT INTO Matches(ArenaID, PlayerID, TimePlayed, Score) VALUES(2, 22, 54, 20038);
INSERT INTO Matches(ArenaID, PlayerID, TimePlayed, Score) VALUES(5, 12, 38, 30618);
INSERT INTO Matches(ArenaID, PlayerID, TimePlayed, Score) VALUES(5, 22, 67, 35027);
INSERT INTO Matches(ArenaID, PlayerID, TimePlayed, Score) VALUES(4, 26, 31, 11088);
INSERT INTO Matches(ArenaID, PlayerID, TimePlayed, Score) VALUES(3, 15, 45, 14681);
INSERT INTO Matches(ArenaID, PlayerID, TimePlayed, Score) VALUES(3, 17, 56, 2653);
INSERT INTO Matches(ArenaID, PlayerID, TimePlayed, Score) VALUES(1, 39, 38, 21629);
INSERT INTO Matches(ArenaID, PlayerID, TimePlayed, Score) VALUES(1, 35, 19, 18255);
INSERT INTO Matches(ArenaID, PlayerID, TimePlayed, Score) VALUES(4, 10, 31, 17371);
INSERT INTO Matches(ArenaID, PlayerID, TimePlayed, Score) VALUES(5, 37, 33, 21994);
INSERT INTO Matches(ArenaID, PlayerID, TimePlayed, Score) VALUES(2, 23, 30, 21121);
INSERT INTO Matches(ArenaID, PlayerID, TimePlayed, Score) VALUES(5, 1, 38, 16296);
INSERT INTO Matches(ArenaID, PlayerID, TimePlayed, Score) VALUES(4, 18, 53, 26991);
INSERT INTO Matches(ArenaID, PlayerID, TimePlayed, Score) VALUES(2, 34, 52, 18483);
INSERT INTO Matches(ArenaID, PlayerID, TimePlayed, Score) VALUES(4, 32, 45, 7198);
INSERT INTO Matches(ArenaID, PlayerID, TimePlayed, Score) VALUES(2, 10, 40, 25069);
INSERT INTO Matches(ArenaID, PlayerID, TimePlayed, Score) VALUES(1, 30, 16, 34038);
INSERT INTO Matches(ArenaID, PlayerID, TimePlayed, Score) VALUES(5, 31, 62, 29289);
INSERT INTO Matches(ArenaID, PlayerID, TimePlayed, Score) VALUES(3, 10, 43, 29142);
INSERT INTO Matches(ArenaID, PlayerID, TimePlayed, Score) VALUES(2, 42, 40, 26351);
INSERT INTO Matches(ArenaID, PlayerID, TimePlayed, Score) VALUES(5, 40, 57, 24720);
INSERT INTO Matches(ArenaID, PlayerID, TimePlayed, Score) VALUES(1, 39, 62, 6396);
INSERT INTO Matches(ArenaID, PlayerID, TimePlayed, Score) VALUES(1, 47, 14, 19306);
INSERT INTO Matches(ArenaID, PlayerID, TimePlayed, Score) VALUES(3, 8, 21, 33472);
INSERT INTO Matches(ArenaID, PlayerID, TimePlayed, Score) VALUES(4, 10, 57, 17822);
INSERT INTO Matches(ArenaID, PlayerID, TimePlayed, Score) VALUES(4, 2, 39, 17310);
INSERT INTO Matches(ArenaID, PlayerID, TimePlayed, Score) VALUES(2, 39, 58, 26586);
INSERT INTO Matches(ArenaID, PlayerID, TimePlayed, Score) VALUES(4, 46, 20, 29871);
INSERT INTO Matches(ArenaID, PlayerID, TimePlayed, Score) VALUES(1, 43, 21, 3265);
INSERT INTO Matches(ArenaID, PlayerID, TimePlayed, Score) VALUES(3, 25, 69, 19775);
INSERT INTO Matches(ArenaID, PlayerID, TimePlayed, Score) VALUES(2, 44, 13, 23913);
INSERT INTO Matches(ArenaID, PlayerID, TimePlayed, Score) VALUES(2, 20, 60, 5967);
INSERT INTO Matches(ArenaID, PlayerID, TimePlayed, Score) VALUES(2, 37, 50, 11739);
INSERT INTO Matches(ArenaID, PlayerID, TimePlayed, Score) VALUES(5, 37, 49, 29713);
INSERT INTO Matches(ArenaID, PlayerID, TimePlayed, Score) VALUES(5, 6, 64, 10646);
INSERT INTO Matches(ArenaID, PlayerID, TimePlayed, Score) VALUES(4, 37, 48, 28783);
INSERT INTO Matches(ArenaID, PlayerID, TimePlayed, Score) VALUES(4, 33, 57, 20492);
INSERT INTO Matches(ArenaID, PlayerID, TimePlayed, Score) VALUES(2, 48, 53, 27013);
INSERT INTO Matches(ArenaID, PlayerID, TimePlayed, Score) VALUES(5, 14, 27, 16675);
INSERT INTO Matches(ArenaID, PlayerID, TimePlayed, Score) VALUES(2, 24, 66, 16674);
INSERT INTO Matches(ArenaID, PlayerID, TimePlayed, Score) VALUES(2, 8, 39, 22965);
INSERT INTO Matches(ArenaID, PlayerID, TimePlayed, Score) VALUES(4, 33, 13, 25163);
INSERT INTO Matches(ArenaID, PlayerID, TimePlayed, Score) VALUES(3, 14, 39, 8209);
INSERT INTO Matches(ArenaID, PlayerID, TimePlayed, Score) VALUES(4, 22, 35, 5560);
INSERT INTO Matches(ArenaID, PlayerID, TimePlayed, Score) VALUES(4, 35, 37, 32888);
INSERT INTO Matches(ArenaID, PlayerID, TimePlayed, Score) VALUES(4, 19, 10, 9813);
INSERT INTO Matches(ArenaID, PlayerID, TimePlayed, Score) VALUES(2, 15, 66, 22945);
INSERT INTO Matches(ArenaID, PlayerID, TimePlayed, Score) VALUES(3, 26, 48, 21954);
INSERT INTO Matches(ArenaID, PlayerID, TimePlayed, Score) VALUES(3, 11, 52, 22837);
INSERT INTO Matches(ArenaID, PlayerID, TimePlayed, Score) VALUES(3, 47, 69, 8403);
INSERT INTO Matches(ArenaID, PlayerID, TimePlayed, Score) VALUES(4, 40, 21, 10323);
INSERT INTO Matches(ArenaID, PlayerID, TimePlayed, Score) VALUES(5, 27, 61, 21521);
INSERT INTO Matches(ArenaID, PlayerID, TimePlayed, Score) VALUES(2, 25, 25, 26637);
INSERT INTO Matches(ArenaID, PlayerID, TimePlayed, Score) VALUES(4, 12, 36, 28727);
INSERT INTO Matches(ArenaID, PlayerID, TimePlayed, Score) VALUES(2, 37, 52, 32234);
INSERT INTO Matches(ArenaID, PlayerID, TimePlayed, Score) VALUES(2, 3, 28, 24246);
INSERT INTO Matches(ArenaID, PlayerID, TimePlayed, Score) VALUES(2, 6, 69, 12386);
INSERT INTO Matches(ArenaID, PlayerID, TimePlayed, Score) VALUES(3, 36, 39, 30257);
INSERT INTO Matches(ArenaID, PlayerID, TimePlayed, Score) VALUES(5, 28, 60, 4965);
INSERT INTO Matches(ArenaID, PlayerID, TimePlayed, Score) VALUES(5, 10, 58, 20226);
INSERT INTO Matches(ArenaID, PlayerID, TimePlayed, Score) VALUES(1, 11, 53, 17620);
INSERT INTO Matches(ArenaID, PlayerID, TimePlayed, Score) VALUES(2, 17, 35, 26547);
INSERT INTO Matches(ArenaID, PlayerID, TimePlayed, Score) VALUES(3, 41, 67, 30982);
INSERT INTO Matches(ArenaID, PlayerID, TimePlayed, Score) VALUES(5, 42, 64, 6534);
INSERT INTO Matches(ArenaID, PlayerID, TimePlayed, Score) VALUES(3, 17, 19, 22341);
INSERT INTO Matches(ArenaID, PlayerID, TimePlayed, Score) VALUES(5, 27, 65, 23790);
INSERT INTO Matches(ArenaID, PlayerID, TimePlayed, Score) VALUES(1, 2, 42, 9806);
INSERT INTO Matches(ArenaID, PlayerID, TimePlayed, Score) VALUES(4, 12, 43, 24083);
INSERT INTO Matches(ArenaID, PlayerID, TimePlayed, Score) VALUES(5, 32, 26, 18644);
INSERT INTO Matches(ArenaID, PlayerID, TimePlayed, Score) VALUES(5, 43, 47, 24914);
INSERT INTO Matches(ArenaID, PlayerID, TimePlayed, Score) VALUES(2, 34, 45, 2558);
INSERT INTO Matches(ArenaID, PlayerID, TimePlayed, Score) VALUES(3, 9, 35, 30651);
INSERT INTO Matches(ArenaID, PlayerID, TimePlayed, Score) VALUES(2, 19, 64, 14820);
INSERT INTO Matches(ArenaID, PlayerID, TimePlayed, Score) VALUES(4, 27, 41, 33681);
INSERT INTO Matches(ArenaID, PlayerID, TimePlayed, Score) VALUES(4, 34, 65, 6678);
INSERT INTO Matches(ArenaID, PlayerID, TimePlayed, Score) VALUES(1, 9, 18, 3277);
INSERT INTO Matches(ArenaID, PlayerID, TimePlayed, Score) VALUES(4, 2, 46, 6678);
INSERT INTO Matches(ArenaID, PlayerID, TimePlayed, Score) VALUES(5, 2, 32, 26011);
INSERT INTO Matches(ArenaID, PlayerID, TimePlayed, Score) VALUES(2, 26, 12, 25561);
INSERT INTO Matches(ArenaID, PlayerID, TimePlayed, Score) VALUES(2, 38, 60, 7900);
INSERT INTO Matches(ArenaID, PlayerID, TimePlayed, Score) VALUES(5, 37, 69, 14409);
INSERT INTO Matches(ArenaID, PlayerID, TimePlayed, Score) VALUES(1, 43, 54, 19618);
INSERT INTO Matches(ArenaID, PlayerID, TimePlayed, Score) VALUES(4, 35, 19, 7110);
INSERT INTO Matches(ArenaID, PlayerID, TimePlayed, Score) VALUES(4, 9, 12, 6839);
INSERT INTO Matches(ArenaID, PlayerID, TimePlayed, Score) VALUES(2, 7, 15, 21152);
INSERT INTO Matches(ArenaID, PlayerID, TimePlayed, Score) VALUES(5, 30, 35, 12567);
INSERT INTO Matches(ArenaID, PlayerID, TimePlayed, Score) VALUES(5, 7, 34, 11679);
INSERT INTO Matches(ArenaID, PlayerID, TimePlayed, Score) VALUES(1, 26, 69, 26737);
INSERT INTO Matches(ArenaID, PlayerID, TimePlayed, Score) VALUES(3, 31, 47, 9852);
INSERT INTO Matches(ArenaID, PlayerID, TimePlayed, Score) VALUES(4, 36, 60, 20138);
INSERT INTO Matches(ArenaID, PlayerID, TimePlayed, Score) VALUES(1, 31, 15, 19557);
INSERT INTO Matches(ArenaID, PlayerID, TimePlayed, Score) VALUES(5, 3, 17, 31578);
INSERT INTO Matches(ArenaID, PlayerID, TimePlayed, Score) VALUES(5, 8, 55, 32892);
INSERT INTO Matches(ArenaID, PlayerID, TimePlayed, Score) VALUES(2, 6, 42, 13388);
INSERT INTO Matches(ArenaID, PlayerID, TimePlayed, Score) VALUES(4, 34, 22, 33368);
INSERT INTO Matches(ArenaID, PlayerID, TimePlayed, Score) VALUES(3, 45, 21, 25090);
INSERT INTO Matches(ArenaID, PlayerID, TimePlayed, Score) VALUES(1, 9, 36, 19587);
INSERT INTO Matches(ArenaID, PlayerID, TimePlayed, Score) VALUES(5, 46, 30, 21552);
INSERT INTO Matches(ArenaID, PlayerID, TimePlayed, Score) VALUES(4, 44, 20, 16635);
INSERT INTO Matches(ArenaID, PlayerID, TimePlayed, Score) VALUES(3, 33, 30, 22076);
INSERT INTO Matches(ArenaID, PlayerID, TimePlayed, Score) VALUES(5, 45, 20, 9650);
INSERT INTO Matches(ArenaID, PlayerID, TimePlayed, Score) VALUES(1, 36, 34, 5060);
INSERT INTO Matches(ArenaID, PlayerID, TimePlayed, Score) VALUES(3, 3, 44, 28941);
INSERT INTO Matches(ArenaID, PlayerID, TimePlayed, Score) VALUES(4, 23, 36, 19736);
INSERT INTO Matches(ArenaID, PlayerID, TimePlayed, Score) VALUES(5, 11, 54, 26216);
INSERT INTO Matches(ArenaID, PlayerID, TimePlayed, Score) VALUES(3, 17, 62, 23484);
INSERT INTO Matches(ArenaID, PlayerID, TimePlayed, Score) VALUES(3, 35, 16, 33425);
INSERT INTO Matches(ArenaID, PlayerID, TimePlayed, Score) VALUES(3, 25, 45, 34535);
INSERT INTO Matches(ArenaID, PlayerID, TimePlayed, Score) VALUES(5, 13, 28, 14408);
INSERT INTO Matches(ArenaID, PlayerID, TimePlayed, Score) VALUES(3, 46, 56, 10247);
INSERT INTO Matches(ArenaID, PlayerID, TimePlayed, Score) VALUES(3, 34, 24, 31942);
INSERT INTO Matches(ArenaID, PlayerID, TimePlayed, Score) VALUES(1, 32, 18, 7994);
INSERT INTO Matches(ArenaID, PlayerID, TimePlayed, Score) VALUES(2, 28, 32, 9267);
INSERT INTO Matches(ArenaID, PlayerID, TimePlayed, Score) VALUES(1, 20, 11, 6102);
INSERT INTO Matches(ArenaID, PlayerID, TimePlayed, Score) VALUES(2, 11, 50, 3629);
INSERT INTO Matches(ArenaID, PlayerID, TimePlayed, Score) VALUES(2, 20, 56, 7395);
INSERT INTO Matches(ArenaID, PlayerID, TimePlayed, Score) VALUES(1, 34, 57, 8776);
INSERT INTO Matches(ArenaID, PlayerID, TimePlayed, Score) VALUES(4, 45, 54, 32155);
INSERT INTO Matches(ArenaID, PlayerID, TimePlayed, Score) VALUES(5, 39, 41, 7305);
INSERT INTO Matches(ArenaID, PlayerID, TimePlayed, Score) VALUES(4, 47, 23, 33265);
INSERT INTO Matches(ArenaID, PlayerID, TimePlayed, Score) VALUES(1, 6, 57, 10730);
INSERT INTO Matches(ArenaID, PlayerID, TimePlayed, Score) VALUES(1, 48, 29, 28423);
INSERT INTO Matches(ArenaID, PlayerID, TimePlayed, Score) VALUES(4, 46, 54, 21722);
INSERT INTO Matches(ArenaID, PlayerID, TimePlayed, Score) VALUES(1, 26, 17, 23478);
INSERT INTO Matches(ArenaID, PlayerID, TimePlayed, Score) VALUES(5, 34, 58, 16825);
INSERT INTO Matches(ArenaID, PlayerID, TimePlayed, Score) VALUES(5, 8, 10, 21770);
INSERT INTO Matches(ArenaID, PlayerID, TimePlayed, Score) VALUES(1, 25, 26, 15200);
INSERT INTO Matches(ArenaID, PlayerID, TimePlayed, Score) VALUES(2, 13, 35, 21188);
INSERT INTO Matches(ArenaID, PlayerID, TimePlayed, Score) VALUES(3, 31, 67, 3991);
INSERT INTO Matches(ArenaID, PlayerID, TimePlayed, Score) VALUES(2, 14, 61, 31702);
INSERT INTO Matches(ArenaID, PlayerID, TimePlayed, Score) VALUES(3, 2, 12, 15261);
INSERT INTO Matches(ArenaID, PlayerID, TimePlayed, Score) VALUES(2, 18, 46, 15082);
INSERT INTO Matches(ArenaID, PlayerID, TimePlayed, Score) VALUES(1, 38, 19, 26788);
INSERT INTO Matches(ArenaID, PlayerID, TimePlayed, Score) VALUES(1, 25, 62, 8924);
INSERT INTO Matches(ArenaID, PlayerID, TimePlayed, Score) VALUES(5, 33, 52, 14418);
INSERT INTO Matches(ArenaID, PlayerID, TimePlayed, Score) VALUES(5, 2, 62, 9019);
INSERT INTO Matches(ArenaID, PlayerID, TimePlayed, Score) VALUES(4, 16, 33, 24897);
INSERT INTO Matches(ArenaID, PlayerID, TimePlayed, Score) VALUES(4, 36, 65, 3276);
INSERT INTO Matches(ArenaID, PlayerID, TimePlayed, Score) VALUES(3, 16, 48, 7040);
INSERT INTO Matches(ArenaID, PlayerID, TimePlayed, Score) VALUES(1, 38, 41, 26119);
INSERT INTO Matches(ArenaID, PlayerID, TimePlayed, Score) VALUES(1, 6, 15, 23824);
INSERT INTO Matches(ArenaID, PlayerID, TimePlayed, Score) VALUES(4, 38, 24, 3991);
INSERT INTO Matches(ArenaID, PlayerID, TimePlayed, Score) VALUES(2, 8, 68, 26215);
INSERT INTO Matches(ArenaID, PlayerID, TimePlayed, Score) VALUES(5, 6, 24, 14558);
INSERT INTO Matches(ArenaID, PlayerID, TimePlayed, Score) VALUES(1, 1, 23, 7921);
INSERT INTO Matches(ArenaID, PlayerID, TimePlayed, Score) VALUES(1, 42, 58, 9327);
INSERT INTO Matches(ArenaID, PlayerID, TimePlayed, Score) VALUES(1, 32, 31, 16778);
INSERT INTO Matches(ArenaID, PlayerID, TimePlayed, Score) VALUES(3, 12, 12, 15507);
INSERT INTO Matches(ArenaID, PlayerID, TimePlayed, Score) VALUES(4, 25, 48, 22789);
INSERT INTO Matches(ArenaID, PlayerID, TimePlayed, Score) VALUES(4, 9, 23, 30661);
INSERT INTO Matches(ArenaID, PlayerID, TimePlayed, Score) VALUES(1, 3, 42, 3240);
INSERT INTO Matches(ArenaID, PlayerID, TimePlayed, Score) VALUES(1, 33, 62, 3382);
INSERT INTO Matches(ArenaID, PlayerID, TimePlayed, Score) VALUES(4, 25, 21, 15534);
INSERT INTO Matches(ArenaID, PlayerID, TimePlayed, Score) VALUES(5, 10, 20, 31050);
INSERT INTO Matches(ArenaID, PlayerID, TimePlayed, Score) VALUES(5, 10, 35, 28355);
INSERT INTO Matches(ArenaID, PlayerID, TimePlayed, Score) VALUES(4, 13, 50, 21016);
INSERT INTO Matches(ArenaID, PlayerID, TimePlayed, Score) VALUES(1, 9, 69, 2700);
INSERT INTO Matches(ArenaID, PlayerID, TimePlayed, Score) VALUES(5, 40, 11, 27629);
INSERT INTO Matches(ArenaID, PlayerID, TimePlayed, Score) VALUES(3, 13, 38, 26140);
INSERT INTO Matches(ArenaID, PlayerID, TimePlayed, Score) VALUES(3, 26, 46, 19914);
INSERT INTO Matches(ArenaID, PlayerID, TimePlayed, Score) VALUES(1, 18, 31, 8832);
INSERT INTO Matches(ArenaID, PlayerID, TimePlayed, Score) VALUES(3, 10, 24, 30178);
INSERT INTO Matches(ArenaID, PlayerID, TimePlayed, Score) VALUES(3, 6, 53, 22580);
INSERT INTO Matches(ArenaID, PlayerID, TimePlayed, Score) VALUES(5, 17, 31, 28189);
INSERT INTO Matches(ArenaID, PlayerID, TimePlayed, Score) VALUES(5, 44, 38, 5035);
INSERT INTO Matches(ArenaID, PlayerID, TimePlayed, Score) VALUES(1, 43, 16, 12440);
INSERT INTO Matches(ArenaID, PlayerID, TimePlayed, Score) VALUES(4, 13, 37, 8652);
INSERT INTO Matches(ArenaID, PlayerID, TimePlayed, Score) VALUES(4, 43, 53, 23586);
INSERT INTO Matches(ArenaID, PlayerID, TimePlayed, Score) VALUES(1, 34, 41, 11375);
INSERT INTO Matches(ArenaID, PlayerID, TimePlayed, Score) VALUES(4, 36, 52, 14529);
INSERT INTO Matches(ArenaID, PlayerID, TimePlayed, Score) VALUES(3, 43, 54, 9956);
INSERT INTO Matches(ArenaID, PlayerID, TimePlayed, Score) VALUES(5, 32, 15, 3115);
INSERT INTO Matches(ArenaID, PlayerID, TimePlayed, Score) VALUES(3, 27, 32, 2668);
INSERT INTO Matches(ArenaID, PlayerID, TimePlayed, Score) VALUES(5, 44, 38, 15949);
INSERT INTO Matches(ArenaID, PlayerID, TimePlayed, Score) VALUES(3, 42, 45, 25278);
INSERT INTO Matches(ArenaID, PlayerID, TimePlayed, Score) VALUES(3, 42, 28, 19911);
INSERT INTO Matches(ArenaID, PlayerID, TimePlayed, Score) VALUES(5, 18, 15, 10884);
INSERT INTO Matches(ArenaID, PlayerID, TimePlayed, Score) VALUES(4, 14, 10, 5230);
INSERT INTO Matches(ArenaID, PlayerID, TimePlayed, Score) VALUES(4, 2, 40, 30683);
INSERT INTO Matches(ArenaID, PlayerID, TimePlayed, Score) VALUES(3, 33, 62, 23497);
INSERT INTO Matches(ArenaID, PlayerID, TimePlayed, Score) VALUES(4, 46, 13, 30935);
INSERT INTO Matches(ArenaID, PlayerID, TimePlayed, Score) VALUES(5, 33, 57, 16788);
INSERT INTO Matches(ArenaID, PlayerID, TimePlayed, Score) VALUES(4, 29, 55, 16380);
INSERT INTO Matches(ArenaID, PlayerID, TimePlayed, Score) VALUES(3, 16, 58, 27712);
INSERT INTO Matches(ArenaID, PlayerID, TimePlayed, Score) VALUES(2, 10, 13, 24774);
INSERT INTO Matches(ArenaID, PlayerID, TimePlayed, Score) VALUES(1, 33, 12, 3953);
INSERT INTO Matches(ArenaID, PlayerID, TimePlayed, Score) VALUES(4, 3, 28, 23586);
INSERT INTO Matches(ArenaID, PlayerID, TimePlayed, Score) VALUES(4, 30, 40, 16511);
INSERT INTO Matches(ArenaID, PlayerID, TimePlayed, Score) VALUES(3, 29, 10, 23795);
INSERT INTO Matches(ArenaID, PlayerID, TimePlayed, Score) VALUES(2, 36, 33, 6901);
INSERT INTO Matches(ArenaID, PlayerID, TimePlayed, Score) VALUES(5, 14, 28, 17550);
INSERT INTO Matches(ArenaID, PlayerID, TimePlayed, Score) VALUES(5, 4, 38, 13589);
INSERT INTO Matches(ArenaID, PlayerID, TimePlayed, Score) VALUES(1, 1, 56, 34622);
INSERT INTO Matches(ArenaID, PlayerID, TimePlayed, Score) VALUES(1, 20, 36, 25683);
INSERT INTO Matches(ArenaID, PlayerID, TimePlayed, Score) VALUES(2, 38, 51, 22720);
INSERT INTO Matches(ArenaID, PlayerID, TimePlayed, Score) VALUES(3, 13, 45, 20949);
INSERT INTO Matches(ArenaID, PlayerID, TimePlayed, Score) VALUES(2, 15, 43, 10440);
INSERT INTO Matches(ArenaID, PlayerID, TimePlayed, Score) VALUES(2, 27, 62, 24313);
INSERT INTO Matches(ArenaID, PlayerID, TimePlayed, Score) VALUES(1, 5, 19, 28538);
INSERT INTO Matches(ArenaID, PlayerID, TimePlayed, Score) VALUES(4, 32, 62, 22991);
INSERT INTO Matches(ArenaID, PlayerID, TimePlayed, Score) VALUES(2, 1, 26, 18930);
INSERT INTO Matches(ArenaID, PlayerID, TimePlayed, Score) VALUES(3, 1, 64, 33179);
INSERT INTO Matches(ArenaID, PlayerID, TimePlayed, Score) VALUES(1, 35, 68, 26301);
INSERT INTO Matches(ArenaID, PlayerID, TimePlayed, Score) VALUES(2, 39, 61, 23380);
INSERT INTO Matches(ArenaID, PlayerID, TimePlayed, Score) VALUES(2, 46, 41, 16990);
INSERT INTO Matches(ArenaID, PlayerID, TimePlayed, Score) VALUES(5, 47, 40, 22055);
INSERT INTO Matches(ArenaID, PlayerID, TimePlayed, Score) VALUES(3, 9, 43, 13258);
INSERT INTO Matches(ArenaID, PlayerID, TimePlayed, Score) VALUES(5, 10, 12, 16373);
INSERT INTO Matches(ArenaID, PlayerID, TimePlayed, Score) VALUES(2, 48, 24, 18668);
INSERT INTO Matches(ArenaID, PlayerID, TimePlayed, Score) VALUES(4, 30, 34, 2513);
INSERT INTO Matches(ArenaID, PlayerID, TimePlayed, Score) VALUES(1, 17, 38, 29474);
INSERT INTO Matches(ArenaID, PlayerID, TimePlayed, Score) VALUES(1, 3, 68, 23683);
INSERT INTO Matches(ArenaID, PlayerID, TimePlayed, Score) VALUES(2, 48, 34, 33726);
INSERT INTO Matches(ArenaID, PlayerID, TimePlayed, Score) VALUES(2, 23, 39, 32008);
INSERT INTO Matches(ArenaID, PlayerID, TimePlayed, Score) VALUES(4, 35, 58, 30854);
INSERT INTO Matches(ArenaID, PlayerID, TimePlayed, Score) VALUES(4, 27, 10, 33039);
INSERT INTO Matches(ArenaID, PlayerID, TimePlayed, Score) VALUES(5, 39, 59, 6196);
INSERT INTO Matches(ArenaID, PlayerID, TimePlayed, Score) VALUES(4, 20, 69, 21373);
INSERT INTO Matches(ArenaID, PlayerID, TimePlayed, Score) VALUES(3, 9, 11, 24310);
INSERT INTO Matches(ArenaID, PlayerID, TimePlayed, Score) VALUES(5, 27, 63, 35050);
INSERT INTO Matches(ArenaID, PlayerID, TimePlayed, Score) VALUES(1, 30, 68, 15087);
INSERT INTO Matches(ArenaID, PlayerID, TimePlayed, Score) VALUES(2, 29, 64, 33826);
INSERT INTO Matches(ArenaID, PlayerID, TimePlayed, Score) VALUES(5, 28, 23, 6324);
INSERT INTO Matches(ArenaID, PlayerID, TimePlayed, Score) VALUES(1, 11, 19, 27302);
INSERT INTO Matches(ArenaID, PlayerID, TimePlayed, Score) VALUES(1, 46, 54, 16336);
INSERT INTO Matches(ArenaID, PlayerID, TimePlayed, Score) VALUES(5, 43, 25, 26920);
INSERT INTO Matches(ArenaID, PlayerID, TimePlayed, Score) VALUES(5, 3, 18, 32577);
INSERT INTO Matches(ArenaID, PlayerID, TimePlayed, Score) VALUES(5, 5, 20, 18450);
INSERT INTO Matches(ArenaID, PlayerID, TimePlayed, Score) VALUES(2, 32, 65, 10745);
INSERT INTO Matches(ArenaID, PlayerID, TimePlayed, Score) VALUES(4, 23, 69, 20480);
INSERT INTO Matches(ArenaID, PlayerID, TimePlayed, Score) VALUES(3, 26, 18, 25438);
INSERT INTO Matches(ArenaID, PlayerID, TimePlayed, Score) VALUES(4, 2, 19, 32321);
INSERT INTO Matches(ArenaID, PlayerID, TimePlayed, Score) VALUES(4, 44, 20, 15306);
INSERT INTO Matches(ArenaID, PlayerID, TimePlayed, Score) VALUES(1, 11, 54, 2393);
INSERT INTO Matches(ArenaID, PlayerID, TimePlayed, Score) VALUES(2, 39, 35, 7436);
INSERT INTO Matches(ArenaID, PlayerID, TimePlayed, Score) VALUES(1, 42, 17, 13698);
INSERT INTO Matches(ArenaID, PlayerID, TimePlayed, Score) VALUES(5, 29, 15, 34533);
INSERT INTO Matches(ArenaID, PlayerID, TimePlayed, Score) VALUES(4, 46, 28, 31015);
INSERT INTO Matches(ArenaID, PlayerID, TimePlayed, Score) VALUES(5, 37, 30, 7051);
INSERT INTO Matches(ArenaID, PlayerID, TimePlayed, Score) VALUES(5, 40, 38, 29032);
INSERT INTO Matches(ArenaID, PlayerID, TimePlayed, Score) VALUES(2, 43, 15, 31786);
INSERT INTO Matches(ArenaID, PlayerID, TimePlayed, Score) VALUES(3, 11, 16, 9881);
INSERT INTO Matches(ArenaID, PlayerID, TimePlayed, Score) VALUES(2, 45, 54, 30046);
INSERT INTO Matches(ArenaID, PlayerID, TimePlayed, Score) VALUES(5, 34, 32, 8386);
INSERT INTO Matches(ArenaID, PlayerID, TimePlayed, Score) VALUES(4, 47, 25, 31674);
INSERT INTO Matches(ArenaID, PlayerID, TimePlayed, Score) VALUES(3, 10, 11, 19489);
INSERT INTO Matches(ArenaID, PlayerID, TimePlayed, Score) VALUES(4, 7, 61, 30788);
INSERT INTO Matches(ArenaID, PlayerID, TimePlayed, Score) VALUES(3, 36, 32, 11683);
INSERT INTO Matches(ArenaID, PlayerID, TimePlayed, Score) VALUES(1, 17, 62, 25846);
INSERT INTO Matches(ArenaID, PlayerID, TimePlayed, Score) VALUES(2, 5, 59, 26479);
INSERT INTO Matches(ArenaID, PlayerID, TimePlayed, Score) VALUES(3, 45, 63, 14655);
INSERT INTO Matches(ArenaID, PlayerID, TimePlayed, Score) VALUES(4, 21, 35, 3419);
INSERT INTO Matches(ArenaID, PlayerID, TimePlayed, Score) VALUES(5, 44, 42, 9856);
INSERT INTO Matches(ArenaID, PlayerID, TimePlayed, Score) VALUES(5, 3, 48, 18804);
INSERT INTO Matches(ArenaID, PlayerID, TimePlayed, Score) VALUES(5, 22, 42, 9360);
INSERT INTO Matches(ArenaID, PlayerID, TimePlayed, Score) VALUES(2, 31, 33, 20603);
INSERT INTO Matches(ArenaID, PlayerID, TimePlayed, Score) VALUES(2, 23, 48, 20024);
INSERT INTO Matches(ArenaID, PlayerID, TimePlayed, Score) VALUES(3, 15, 63, 9827);
INSERT INTO Matches(ArenaID, PlayerID, TimePlayed, Score) VALUES(1, 30, 42, 3511);
INSERT INTO Matches(ArenaID, PlayerID, TimePlayed, Score) VALUES(3, 27, 68, 13012);
INSERT INTO Matches(ArenaID, PlayerID, TimePlayed, Score) VALUES(1, 13, 60, 6463);
INSERT INTO Matches(ArenaID, PlayerID, TimePlayed, Score) VALUES(4, 17, 49, 9643);
INSERT INTO Matches(ArenaID, PlayerID, TimePlayed, Score) VALUES(1, 44, 10, 16247);
INSERT INTO Matches(ArenaID, PlayerID, TimePlayed, Score) VALUES(3, 17, 37, 11127);
INSERT INTO Matches(ArenaID, PlayerID, TimePlayed, Score) VALUES(2, 5, 47, 33783);
INSERT INTO Matches(ArenaID, PlayerID, TimePlayed, Score) VALUES(1, 34, 60, 29181);
INSERT INTO Matches(ArenaID, PlayerID, TimePlayed, Score) VALUES(1, 41, 59, 3023);
INSERT INTO Matches(ArenaID, PlayerID, TimePlayed, Score) VALUES(1, 11, 37, 31925);
INSERT INTO Matches(ArenaID, PlayerID, TimePlayed, Score) VALUES(5, 42, 22, 23040);
INSERT INTO Matches(ArenaID, PlayerID, TimePlayed, Score) VALUES(2, 27, 56, 18763);
INSERT INTO Matches(ArenaID, PlayerID, TimePlayed, Score) VALUES(4, 47, 19, 23553);
INSERT INTO Matches(ArenaID, PlayerID, TimePlayed, Score) VALUES(1, 2, 45, 17440);
INSERT INTO Matches(ArenaID, PlayerID, TimePlayed, Score) VALUES(1, 35, 18, 17980);
INSERT INTO Matches(ArenaID, PlayerID, TimePlayed, Score) VALUES(3, 22, 54, 3270);
INSERT INTO Matches(ArenaID, PlayerID, TimePlayed, Score) VALUES(5, 22, 54, 16526);
INSERT INTO Matches(ArenaID, PlayerID, TimePlayed, Score) VALUES(4, 31, 13, 2695);
INSERT INTO Matches(ArenaID, PlayerID, TimePlayed, Score) VALUES(2, 10, 60, 25290);
INSERT INTO Matches(ArenaID, PlayerID, TimePlayed, Score) VALUES(2, 10, 28, 20702);
INSERT INTO Matches(ArenaID, PlayerID, TimePlayed, Score) VALUES(5, 8, 34, 33079);
INSERT INTO Matches(ArenaID, PlayerID, TimePlayed, Score) VALUES(5, 42, 55, 21500);
INSERT INTO Matches(ArenaID, PlayerID, TimePlayed, Score) VALUES(1, 9, 53, 18702);
INSERT INTO Matches(ArenaID, PlayerID, TimePlayed, Score) VALUES(1, 34, 38, 27973);
INSERT INTO Matches(ArenaID, PlayerID, TimePlayed, Score) VALUES(5, 45, 23, 11517);
INSERT INTO Matches(ArenaID, PlayerID, TimePlayed, Score) VALUES(3, 29, 16, 12241);
INSERT INTO Matches(ArenaID, PlayerID, TimePlayed, Score) VALUES(5, 39, 10, 8614);
INSERT INTO Matches(ArenaID, PlayerID, TimePlayed, Score) VALUES(5, 22, 41, 3308);
INSERT INTO Matches(ArenaID, PlayerID, TimePlayed, Score) VALUES(1, 14, 55, 10784);
INSERT INTO Matches(ArenaID, PlayerID, TimePlayed, Score) VALUES(5, 32, 20, 18581);
INSERT INTO Matches(ArenaID, PlayerID, TimePlayed, Score) VALUES(5, 46, 56, 13429);
INSERT INTO Matches(ArenaID, PlayerID, TimePlayed, Score) VALUES(4, 16, 10, 15874);
INSERT INTO Matches(ArenaID, PlayerID, TimePlayed, Score) VALUES(4, 21, 31, 17954);
INSERT INTO Matches(ArenaID, PlayerID, TimePlayed, Score) VALUES(2, 13, 61, 29723);
INSERT INTO Matches(ArenaID, PlayerID, TimePlayed, Score) VALUES(5, 7, 52, 30875);
INSERT INTO Matches(ArenaID, PlayerID, TimePlayed, Score) VALUES(2, 7, 42, 33275);
INSERT INTO Matches(ArenaID, PlayerID, TimePlayed, Score) VALUES(5, 11, 14, 17860);
INSERT INTO Matches(ArenaID, PlayerID, TimePlayed, Score) VALUES(5, 45, 65, 17267);
INSERT INTO Matches(ArenaID, PlayerID, TimePlayed, Score) VALUES(3, 11, 11, 9337);
INSERT INTO Matches(ArenaID, PlayerID, TimePlayed, Score) VALUES(1, 22, 19, 23942);
INSERT INTO Matches(ArenaID, PlayerID, TimePlayed, Score) VALUES(5, 24, 40, 29959);
INSERT INTO Matches(ArenaID, PlayerID, TimePlayed, Score) VALUES(5, 9, 62, 4846);
INSERT INTO Matches(ArenaID, PlayerID, TimePlayed, Score) VALUES(3, 19, 42, 15793);
INSERT INTO Matches(ArenaID, PlayerID, TimePlayed, Score) VALUES(4, 37, 45, 26773);
INSERT INTO Matches(ArenaID, PlayerID, TimePlayed, Score) VALUES(2, 21, 44, 14124);
INSERT INTO Matches(ArenaID, PlayerID, TimePlayed, Score) VALUES(2, 42, 68, 6684);
INSERT INTO Matches(ArenaID, PlayerID, TimePlayed, Score) VALUES(3, 40, 50, 10531);
INSERT INTO Matches(ArenaID, PlayerID, TimePlayed, Score) VALUES(5, 29, 42, 24152);
INSERT INTO Matches(ArenaID, PlayerID, TimePlayed, Score) VALUES(3, 44, 51, 5812);
INSERT INTO Matches(ArenaID, PlayerID, TimePlayed, Score) VALUES(4, 24, 46, 31696);
INSERT INTO Matches(ArenaID, PlayerID, TimePlayed, Score) VALUES(2, 35, 52, 15088);
INSERT INTO Matches(ArenaID, PlayerID, TimePlayed, Score) VALUES(2, 23, 41, 11585);
INSERT INTO Matches(ArenaID, PlayerID, TimePlayed, Score) VALUES(2, 5, 55, 21855);
INSERT INTO Matches(ArenaID, PlayerID, TimePlayed, Score) VALUES(5, 28, 19, 22042);
INSERT INTO Matches(ArenaID, PlayerID, TimePlayed, Score) VALUES(2, 13, 58, 18042);
INSERT INTO Matches(ArenaID, PlayerID, TimePlayed, Score) VALUES(3, 29, 53, 34561);
INSERT INTO Matches(ArenaID, PlayerID, TimePlayed, Score) VALUES(3, 42, 41, 31791);
INSERT INTO Matches(ArenaID, PlayerID, TimePlayed, Score) VALUES(1, 33, 57, 21068);
INSERT INTO Matches(ArenaID, PlayerID, TimePlayed, Score) VALUES(3, 47, 55, 11873);
INSERT INTO Matches(ArenaID, PlayerID, TimePlayed, Score) VALUES(1, 38, 23, 28808);
INSERT INTO Matches(ArenaID, PlayerID, TimePlayed, Score) VALUES(5, 35, 21, 27493);
INSERT INTO Matches(ArenaID, PlayerID, TimePlayed, Score) VALUES(2, 30, 24, 13557);
INSERT INTO Matches(ArenaID, PlayerID, TimePlayed, Score) VALUES(4, 2, 57, 29830);
INSERT INTO Matches(ArenaID, PlayerID, TimePlayed, Score) VALUES(1, 45, 42, 20999);
INSERT INTO Matches(ArenaID, PlayerID, TimePlayed, Score) VALUES(3, 42, 12, 27266);
INSERT INTO Matches(ArenaID, PlayerID, TimePlayed, Score) VALUES(2, 13, 52, 28135);
INSERT INTO Matches(ArenaID, PlayerID, TimePlayed, Score) VALUES(4, 30, 13, 18955);
INSERT INTO Matches(ArenaID, PlayerID, TimePlayed, Score) VALUES(3, 10, 45, 34544);
INSERT INTO Matches(ArenaID, PlayerID, TimePlayed, Score) VALUES(4, 7, 60, 14407);
INSERT INTO Matches(ArenaID, PlayerID, TimePlayed, Score) VALUES(4, 39, 17, 10291);
INSERT INTO Matches(ArenaID, PlayerID, TimePlayed, Score) VALUES(1, 14, 48, 8016);
INSERT INTO Matches(ArenaID, PlayerID, TimePlayed, Score) VALUES(1, 7, 56, 28148);
INSERT INTO Matches(ArenaID, PlayerID, TimePlayed, Score) VALUES(2, 3, 58, 6837);
INSERT INTO Matches(ArenaID, PlayerID, TimePlayed, Score) VALUES(1, 36, 33, 23083);
INSERT INTO Matches(ArenaID, PlayerID, TimePlayed, Score) VALUES(1, 42, 31, 13303);
INSERT INTO Matches(ArenaID, PlayerID, TimePlayed, Score) VALUES(2, 43, 68, 30979);
INSERT INTO Matches(ArenaID, PlayerID, TimePlayed, Score) VALUES(4, 24, 66, 28428);
INSERT INTO Matches(ArenaID, PlayerID, TimePlayed, Score) VALUES(1, 30, 65, 21854);
INSERT INTO Matches(ArenaID, PlayerID, TimePlayed, Score) VALUES(1, 10, 16, 9951);
INSERT INTO Matches(ArenaID, PlayerID, TimePlayed, Score) VALUES(3, 1, 18, 15695);
INSERT INTO Matches(ArenaID, PlayerID, TimePlayed, Score) VALUES(1, 47, 30, 14798);
INSERT INTO Matches(ArenaID, PlayerID, TimePlayed, Score) VALUES(3, 30, 29, 22175);
INSERT INTO Matches(ArenaID, PlayerID, TimePlayed, Score) VALUES(5, 25, 18, 34347);
INSERT INTO Matches(ArenaID, PlayerID, TimePlayed, Score) VALUES(3, 33, 24, 33609);
INSERT INTO Matches(ArenaID, PlayerID, TimePlayed, Score) VALUES(4, 32, 42, 14012);
INSERT INTO Matches(ArenaID, PlayerID, TimePlayed, Score) VALUES(5, 12, 27, 5629);
INSERT INTO Matches(ArenaID, PlayerID, TimePlayed, Score) VALUES(1, 46, 31, 24380);
INSERT INTO Matches(ArenaID, PlayerID, TimePlayed, Score) VALUES(2, 20, 58, 22177);
INSERT INTO Matches(ArenaID, PlayerID, TimePlayed, Score) VALUES(1, 36, 23, 26839);
INSERT INTO Matches(ArenaID, PlayerID, TimePlayed, Score) VALUES(5, 18, 40, 22219);
INSERT INTO Matches(ArenaID, PlayerID, TimePlayed, Score) VALUES(5, 20, 28, 20145);
INSERT INTO Matches(ArenaID, PlayerID, TimePlayed, Score) VALUES(1, 36, 57, 5705);
INSERT INTO Matches(ArenaID, PlayerID, TimePlayed, Score) VALUES(4, 5, 28, 10848);
INSERT INTO Matches(ArenaID, PlayerID, TimePlayed, Score) VALUES(5, 25, 61, 30617);
INSERT INTO Matches(ArenaID, PlayerID, TimePlayed, Score) VALUES(5, 2, 67, 4205);
INSERT INTO Matches(ArenaID, PlayerID, TimePlayed, Score) VALUES(3, 40, 35, 33905);
INSERT INTO Matches(ArenaID, PlayerID, TimePlayed, Score) VALUES(5, 27, 59, 15575);
INSERT INTO Matches(ArenaID, PlayerID, TimePlayed, Score) VALUES(4, 26, 47, 33336);
INSERT INTO Matches(ArenaID, PlayerID, TimePlayed, Score) VALUES(2, 3, 27, 3985);
INSERT INTO Matches(ArenaID, PlayerID, TimePlayed, Score) VALUES(5, 43, 52, 22155);
INSERT INTO Matches(ArenaID, PlayerID, TimePlayed, Score) VALUES(5, 16, 39, 22783);
INSERT INTO Matches(ArenaID, PlayerID, TimePlayed, Score) VALUES(4, 13, 22, 15289);
INSERT INTO Matches(ArenaID, PlayerID, TimePlayed, Score) VALUES(4, 46, 18, 30332);
INSERT INTO Matches(ArenaID, PlayerID, TimePlayed, Score) VALUES(5, 37, 37, 17735);
INSERT INTO Matches(ArenaID, PlayerID, TimePlayed, Score) VALUES(2, 12, 21, 16087);
INSERT INTO Matches(ArenaID, PlayerID, TimePlayed, Score) VALUES(4, 12, 60, 13421);
INSERT INTO Matches(ArenaID, PlayerID, TimePlayed, Score) VALUES(2, 13, 22, 16081);
INSERT INTO Matches(ArenaID, PlayerID, TimePlayed, Score) VALUES(2, 31, 43, 7319);
INSERT INTO Matches(ArenaID, PlayerID, TimePlayed, Score) VALUES(5, 9, 45, 17825);
INSERT INTO Matches(ArenaID, PlayerID, TimePlayed, Score) VALUES(3, 31, 10, 22501);
INSERT INTO Matches(ArenaID, PlayerID, TimePlayed, Score) VALUES(3, 41, 14, 16752);
INSERT INTO Matches(ArenaID, PlayerID, TimePlayed, Score) VALUES(3, 2, 40, 19371);
INSERT INTO Matches(ArenaID, PlayerID, TimePlayed, Score) VALUES(1, 31, 53, 27614);
INSERT INTO Matches(ArenaID, PlayerID, TimePlayed, Score) VALUES(2, 1, 65, 31986);
INSERT INTO Matches(ArenaID, PlayerID, TimePlayed, Score) VALUES(4, 44, 48, 18043);
INSERT INTO Matches(ArenaID, PlayerID, TimePlayed, Score) VALUES(5, 40, 40, 29942);
INSERT INTO Matches(ArenaID, PlayerID, TimePlayed, Score) VALUES(2, 39, 65, 26446);
INSERT INTO Matches(ArenaID, PlayerID, TimePlayed, Score) VALUES(1, 25, 29, 30118);
INSERT INTO Matches(ArenaID, PlayerID, TimePlayed, Score) VALUES(4, 29, 58, 5458);
INSERT INTO Matches(ArenaID, PlayerID, TimePlayed, Score) VALUES(1, 41, 24, 32294);
INSERT INTO Matches(ArenaID, PlayerID, TimePlayed, Score) VALUES(4, 43, 43, 13556);
INSERT INTO Matches(ArenaID, PlayerID, TimePlayed, Score) VALUES(2, 33, 16, 8016);
INSERT INTO Matches(ArenaID, PlayerID, TimePlayed, Score) VALUES(2, 38, 67, 33942);
INSERT INTO Matches(ArenaID, PlayerID, TimePlayed, Score) VALUES(3, 14, 21, 8239);
INSERT INTO Matches(ArenaID, PlayerID, TimePlayed, Score) VALUES(1, 20, 43, 10511);
INSERT INTO Matches(ArenaID, PlayerID, TimePlayed, Score) VALUES(3, 1, 47, 29314);
INSERT INTO Matches(ArenaID, PlayerID, TimePlayed, Score) VALUES(2, 32, 41, 2601);
INSERT INTO Matches(ArenaID, PlayerID, TimePlayed, Score) VALUES(5, 48, 45, 30527);
INSERT INTO Matches(ArenaID, PlayerID, TimePlayed, Score) VALUES(1, 42, 27, 32545);
INSERT INTO Matches(ArenaID, PlayerID, TimePlayed, Score) VALUES(4, 3, 31, 4878);
INSERT INTO Matches(ArenaID, PlayerID, TimePlayed, Score) VALUES(3, 4, 50, 19243);
INSERT INTO Matches(ArenaID, PlayerID, TimePlayed, Score) VALUES(5, 24, 60, 4810);
INSERT INTO Matches(ArenaID, PlayerID, TimePlayed, Score) VALUES(1, 22, 39, 27115);
INSERT INTO Matches(ArenaID, PlayerID, TimePlayed, Score) VALUES(3, 32, 12, 24579);
INSERT INTO Matches(ArenaID, PlayerID, TimePlayed, Score) VALUES(3, 11, 57, 11261);
INSERT INTO Matches(ArenaID, PlayerID, TimePlayed, Score) VALUES(3, 32, 11, 34175);
INSERT INTO Matches(ArenaID, PlayerID, TimePlayed, Score) VALUES(4, 34, 69, 9070);
INSERT INTO Matches(ArenaID, PlayerID, TimePlayed, Score) VALUES(2, 17, 17, 33716);
INSERT INTO Matches(ArenaID, PlayerID, TimePlayed, Score) VALUES(3, 46, 29, 24641);
INSERT INTO Matches(ArenaID, PlayerID, TimePlayed, Score) VALUES(4, 48, 36, 30031);
INSERT INTO Matches(ArenaID, PlayerID, TimePlayed, Score) VALUES(3, 22, 10, 31979);
INSERT INTO Matches(ArenaID, PlayerID, TimePlayed, Score) VALUES(2, 14, 33, 33713);
INSERT INTO Matches(ArenaID, PlayerID, TimePlayed, Score) VALUES(2, 38, 45, 31447);
INSERT INTO Matches(ArenaID, PlayerID, TimePlayed, Score) VALUES(2, 17, 51, 11117);
INSERT INTO Matches(ArenaID, PlayerID, TimePlayed, Score) VALUES(5, 12, 45, 28386);
INSERT INTO Matches(ArenaID, PlayerID, TimePlayed, Score) VALUES(5, 1, 25, 20683);
INSERT INTO Matches(ArenaID, PlayerID, TimePlayed, Score) VALUES(4, 27, 48, 32224);
INSERT INTO Matches(ArenaID, PlayerID, TimePlayed, Score) VALUES(4, 12, 25, 9287);
INSERT INTO Matches(ArenaID, PlayerID, TimePlayed, Score) VALUES(1, 44, 42, 10518);
INSERT INTO Matches(ArenaID, PlayerID, TimePlayed, Score) VALUES(2, 19, 68, 22291);
INSERT INTO Matches(ArenaID, PlayerID, TimePlayed, Score) VALUES(4, 24, 49, 27326);
INSERT INTO Matches(ArenaID, PlayerID, TimePlayed, Score) VALUES(1, 26, 23, 8081);
INSERT INTO Matches(ArenaID, PlayerID, TimePlayed, Score) VALUES(4, 15, 24, 8838);
INSERT INTO Matches(ArenaID, PlayerID, TimePlayed, Score) VALUES(1, 12, 37, 3546);
INSERT INTO Matches(ArenaID, PlayerID, TimePlayed, Score) VALUES(5, 21, 15, 21008);
INSERT INTO Matches(ArenaID, PlayerID, TimePlayed, Score) VALUES(2, 37, 22, 12346);
INSERT INTO Matches(ArenaID, PlayerID, TimePlayed, Score) VALUES(1, 16, 20, 10612);
INSERT INTO Matches(ArenaID, PlayerID, TimePlayed, Score) VALUES(1, 6, 42, 34737);
INSERT INTO Matches(ArenaID, PlayerID, TimePlayed, Score) VALUES(4, 11, 21, 25530);
INSERT INTO Matches(ArenaID, PlayerID, TimePlayed, Score) VALUES(2, 5, 68, 19571);
INSERT INTO Matches(ArenaID, PlayerID, TimePlayed, Score) VALUES(3, 37, 56, 29536);
INSERT INTO Matches(ArenaID, PlayerID, TimePlayed, Score) VALUES(4, 26, 64, 33385);
INSERT INTO Matches(ArenaID, PlayerID, TimePlayed, Score) VALUES(4, 18, 54, 32474);
INSERT INTO Matches(ArenaID, PlayerID, TimePlayed, Score) VALUES(5, 19, 65, 23982);
INSERT INTO Matches(ArenaID, PlayerID, TimePlayed, Score) VALUES(3, 9, 36, 11533);
INSERT INTO Matches(ArenaID, PlayerID, TimePlayed, Score) VALUES(1, 32, 40, 30483);
INSERT INTO Matches(ArenaID, PlayerID, TimePlayed, Score) VALUES(1, 37, 69, 16851);
INSERT INTO Matches(ArenaID, PlayerID, TimePlayed, Score) VALUES(1, 8, 43, 20636);
INSERT INTO Matches(ArenaID, PlayerID, TimePlayed, Score) VALUES(3, 36, 50, 2683);
INSERT INTO Matches(ArenaID, PlayerID, TimePlayed, Score) VALUES(3, 3, 14, 10752);
INSERT INTO Matches(ArenaID, PlayerID, TimePlayed, Score) VALUES(2, 43, 17, 6725);
INSERT INTO Matches(ArenaID, PlayerID, TimePlayed, Score) VALUES(4, 45, 41, 9517);
INSERT INTO Matches(ArenaID, PlayerID, TimePlayed, Score) VALUES(5, 16, 47, 22250);
INSERT INTO Matches(ArenaID, PlayerID, TimePlayed, Score) VALUES(3, 41, 56, 15042);
INSERT INTO Matches(ArenaID, PlayerID, TimePlayed, Score) VALUES(3, 15, 30, 21778);
INSERT INTO Matches(ArenaID, PlayerID, TimePlayed, Score) VALUES(5, 12, 38, 32403);
INSERT INTO Matches(ArenaID, PlayerID, TimePlayed, Score) VALUES(5, 38, 11, 34012);
INSERT INTO Matches(ArenaID, PlayerID, TimePlayed, Score) VALUES(3, 46, 31, 13352);
INSERT INTO Matches(ArenaID, PlayerID, TimePlayed, Score) VALUES(1, 24, 32, 11866);
INSERT INTO Matches(ArenaID, PlayerID, TimePlayed, Score) VALUES(1, 13, 34, 13118);
INSERT INTO Matches(ArenaID, PlayerID, TimePlayed, Score) VALUES(2, 29, 51, 15890);
INSERT INTO Matches(ArenaID, PlayerID, TimePlayed, Score) VALUES(4, 9, 16, 7237);
INSERT INTO Matches(ArenaID, PlayerID, TimePlayed, Score) VALUES(4, 1, 30, 24958);
INSERT INTO Matches(ArenaID, PlayerID, TimePlayed, Score) VALUES(2, 41, 43, 23776);
INSERT INTO Matches(ArenaID, PlayerID, TimePlayed, Score) VALUES(1, 17, 29, 29581);
INSERT INTO Matches(ArenaID, PlayerID, TimePlayed, Score) VALUES(4, 20, 43, 33896);
INSERT INTO Matches(ArenaID, PlayerID, TimePlayed, Score) VALUES(1, 1, 23, 14624);
INSERT INTO Matches(ArenaID, PlayerID, TimePlayed, Score) VALUES(1, 41, 64, 26730);
INSERT INTO Matches(ArenaID, PlayerID, TimePlayed, Score) VALUES(1, 24, 46, 28045);
INSERT INTO Matches(ArenaID, PlayerID, TimePlayed, Score) VALUES(2, 24, 38, 6436);
INSERT INTO Matches(ArenaID, PlayerID, TimePlayed, Score) VALUES(1, 34, 22, 7967);
INSERT INTO Matches(ArenaID, PlayerID, TimePlayed, Score) VALUES(3, 38, 32, 9740);
INSERT INTO Matches(ArenaID, PlayerID, TimePlayed, Score) VALUES(3, 46, 46, 23445);
INSERT INTO Matches(ArenaID, PlayerID, TimePlayed, Score) VALUES(2, 13, 10, 12873);
INSERT INTO Matches(ArenaID, PlayerID, TimePlayed, Score) VALUES(2, 13, 63, 11423);
INSERT INTO Matches(ArenaID, PlayerID, TimePlayed, Score) VALUES(1, 42, 63, 22839);
INSERT INTO Matches(ArenaID, PlayerID, TimePlayed, Score) VALUES(3, 25, 42, 25700);
INSERT INTO Matches(ArenaID, PlayerID, TimePlayed, Score) VALUES(4, 14, 36, 25320);
INSERT INTO Matches(ArenaID, PlayerID, TimePlayed, Score) VALUES(2, 44, 18, 14846);
INSERT INTO Matches(ArenaID, PlayerID, TimePlayed, Score) VALUES(2, 29, 59, 18590);
INSERT INTO Matches(ArenaID, PlayerID, TimePlayed, Score) VALUES(3, 36, 52, 13820);
INSERT INTO Matches(ArenaID, PlayerID, TimePlayed, Score) VALUES(4, 33, 52, 2386);
INSERT INTO Matches(ArenaID, PlayerID, TimePlayed, Score) VALUES(5, 6, 18, 28383);
INSERT INTO Matches(ArenaID, PlayerID, TimePlayed, Score) VALUES(5, 24, 40, 20015);
INSERT INTO Matches(ArenaID, PlayerID, TimePlayed, Score) VALUES(1, 24, 65, 5534);
INSERT INTO Matches(ArenaID, PlayerID, TimePlayed, Score) VALUES(2, 18, 29, 24344);
INSERT INTO Matches(ArenaID, PlayerID, TimePlayed, Score) VALUES(4, 5, 51, 21026);
INSERT INTO Matches(ArenaID, PlayerID, TimePlayed, Score) VALUES(3, 4, 59, 26398);
INSERT INTO Matches(ArenaID, PlayerID, TimePlayed, Score) VALUES(5, 45, 53, 28618);
INSERT INTO Matches(ArenaID, PlayerID, TimePlayed, Score) VALUES(5, 8, 14, 35083);
INSERT INTO Matches(ArenaID, PlayerID, TimePlayed, Score) VALUES(1, 18, 34, 23017);
INSERT INTO Matches(ArenaID, PlayerID, TimePlayed, Score) VALUES(3, 11, 57, 17370);
INSERT INTO Matches(ArenaID, PlayerID, TimePlayed, Score) VALUES(1, 12, 46, 26691);
INSERT INTO Matches(ArenaID, PlayerID, TimePlayed, Score) VALUES(1, 45, 60, 10044);
INSERT INTO Matches(ArenaID, PlayerID, TimePlayed, Score) VALUES(1, 38, 15, 31636);
INSERT INTO Matches(ArenaID, PlayerID, TimePlayed, Score) VALUES(4, 4, 19, 22548);
INSERT INTO Matches(ArenaID, PlayerID, TimePlayed, Score) VALUES(1, 15, 36, 27144);
INSERT INTO Matches(ArenaID, PlayerID, TimePlayed, Score) VALUES(4, 42, 26, 25852);
INSERT INTO Matches(ArenaID, PlayerID, TimePlayed, Score) VALUES(1, 10, 49, 15300);
INSERT INTO Matches(ArenaID, PlayerID, TimePlayed, Score) VALUES(1, 10, 15, 27327);
INSERT INTO Matches(ArenaID, PlayerID, TimePlayed, Score) VALUES(5, 30, 37, 14172);
INSERT INTO Matches(ArenaID, PlayerID, TimePlayed, Score) VALUES(1, 39, 27, 35036);
INSERT INTO Matches(ArenaID, PlayerID, TimePlayed, Score) VALUES(5, 7, 68, 15962);
INSERT INTO Matches(ArenaID, PlayerID, TimePlayed, Score) VALUES(5, 5, 53, 9737);
INSERT INTO Matches(ArenaID, PlayerID, TimePlayed, Score) VALUES(5, 3, 33, 31166);
INSERT INTO Matches(ArenaID, PlayerID, TimePlayed, Score) VALUES(3, 14, 57, 33966);
INSERT INTO Matches(ArenaID, PlayerID, TimePlayed, Score) VALUES(4, 22, 33, 22136);
INSERT INTO Matches(ArenaID, PlayerID, TimePlayed, Score) VALUES(1, 46, 35, 10086);
INSERT INTO Matches(ArenaID, PlayerID, TimePlayed, Score) VALUES(3, 38, 25, 20975);
INSERT INTO Matches(ArenaID, PlayerID, TimePlayed, Score) VALUES(1, 24, 61, 34177);
INSERT INTO Matches(ArenaID, PlayerID, TimePlayed, Score) VALUES(3, 16, 48, 5758);
